{"_wandb":{"runtime":27},"recall@10":0.6745098039215688,"avg_latency":0.7832004533094519,"_timestamp":1.7440226334574325e+09,"_runtime":27.686979395,"_step":0}