{"_wandb":{"runtime":6},"_step":0,"recall@10":0.6414215686274511,"avg_latency":0.024528854033526254,"_timestamp":1.744022355724731e+09,"_runtime":6.682410303}