{"_step":0,"_wandb":{"runtime":219},"recall@10":0.6431372549019608,"avg_latency":6.009036940686843,"_timestamp":1.7440216104834883e+09,"_runtime":219.639644506}