{"_step":0,"recall@10":0.5911764705882353,"_wandb":{"runtime":5},"avg_latency":0.023477954023024616,"_timestamp":1.7440223821298826e+09,"_runtime":5.375479967}