{"_timestamp":1.7440221693503067e+09,"_runtime":23.54944085,"_step":0,"_wandb":{"runtime":23},"recall@10":0.6745098039215688,"avg_latency":0.6557130042244407}