{"_runtime":187.85005621,"_step":0,"recall@10":0.6431372549019608,"_wandb":{"runtime":187},"avg_latency":5.035122240290923,"_timestamp":1.744021103022746e+09}