{"_step":0,"_wandb":{"runtime":209},"recall@10":0.6431372549019608,"avg_latency":5.671673045438879,"_timestamp":1.744021388838094e+09,"_runtime":209.149301132}