{"avg_latency":4.109532566631541,"_timestamp":1.7440175965962672e+09,"_runtime":155.620818588,"_wandb":{"runtime":155},"_step":0,"recall@10":0.6009803921568627}