{"_timestamp":1.744017757745739e+09,"_runtime":146.642894319,"_step":0,"_wandb":{"runtime":146},"recall@10":0.5519607843137254,"avg_latency":3.8785833050222958}