{"recall@10":0.6487745098039217,"avg_latency":0.765397170010735,"_timestamp":1.7440183816179168e+09,"_runtime":37.158902144,"_step":0,"_wandb":{"runtime":37}}