{"_timestamp":1.7440225227612934e+09,"_runtime":25.55696756,"_step":0,"_wandb":{"runtime":25},"recall@10":0.6406862745098039,"avg_latency":0.7178082115509931}