{"_timestamp":1.7440174396704617e+09,"_runtime":165.294441808,"_step":0,"_wandb":{"runtime":165},"recall@10":0.6009803921568627,"avg_latency":4.373323896351983}