{"_step":0,"_wandb":{"runtime":13},"recall@10":0.6144607843137255,"avg_latency":0.12611600931952982,"_timestamp":1.7440219362151084e+09,"_runtime":13.013322611}