{"_timestamp":1.7440220957758794e+09,"_runtime":10.890179633,"_step":0,"_wandb":{"runtime":10},"recall@10":0.6144607843137255,"avg_latency":0.12569747952853932}