{"_step":0,"recall@10":0.5029411764705882,"_wandb":{"runtime":142},"avg_latency":3.8639441938961254,"_timestamp":1.744018241926621e+09,"_runtime":142.785140167}