{"avg_latency":5.193951529615066,"_timestamp":1.7440197779395874e+09,"_runtime":194.987978462,"_step":0,"_wandb":{"runtime":194},"recall@10":0.6235294117647059}