{"_wandb":{"runtime":11},"recall@10":0.6107843137254902,"avg_latency":0.02756810188293457,"_timestamp":1.7440220756451302e+09,"_runtime":11.808538169,"_step":0}