{"_timestamp":1.7440219108761873e+09,"_runtime":7.142464241,"_step":0,"recall@10":0.5813725490196078,"avg_latency":0.02245954906239229,"_wandb":{"runtime":7}}