{"_timestamp":1.744022231924055e+09,"_runtime":16.128323637,"_wandb":{"runtime":16},"_step":0,"recall@10":0.6414215686274511,"avg_latency":0.02035341543309829}