{"_step":0,"recall@10":0.5421568627450981,"avg_latency":0.6296011840595919,"_timestamp":1.7440182920293329e+09,"_runtime":31.728777676,"_wandb":{"runtime":31}}