{"_wandb":{"runtime":7},"recall@10":0.5519607843137254,"avg_latency":0.03733931569492116,"_timestamp":1.7440224747638855e+09,"_runtime":7.492906167,"_step":0}