{"avg_latency":0.49662401395685535,"_timestamp":1.7440221421565506e+09,"_runtime":17.992710483,"_step":0,"recall@10":0.6394607843137255,"_wandb":{"runtime":17}}