{"_step":0,"_wandb":{"runtime":200},"recall@10":0.6235294117647059,"avg_latency":5.411333792349872,"_timestamp":1.744019983658637e+09,"_runtime":200.658044014}