{"_wandb":{"runtime":22},"recall@10":0.6745098039215688,"avg_latency":0.6186216719010297,"_timestamp":1.7440225991808927e+09,"_runtime":22.808898516,"_step":0}