{"_timestamp":1.7440180979730818e+09,"_wandb":{"runtime":144},"_runtime":144.966594708,"_step":0,"recall@10":0.5029411764705882,"avg_latency":3.914813890176661}