{"avg_latency":5.206927608041203,"_timestamp":1.7440170260077171e+09,"_runtime":195.283994892,"_step":0,"_wandb":{"runtime":195},"recall@10":0.6137254901960785}