{"avg_latency":0.06415281576268814,"_timestamp":1.7440224615150776e+09,"_runtime":8.14999333,"_step":0,"_wandb":{"runtime":8},"recall@10":0.5519607843137254}