{"avg_latency":0.02064164947060978,"_timestamp":1.7440223937559097e+09,"_runtime":6.539452582,"_step":0,"_wandb":{"runtime":6},"recall@10":0.5911764705882353}