{"recall@10":0.6107843137254902,"avg_latency":0.027500145575579477,"_timestamp":1.744022022783437e+09,"_runtime":16.337887766,"_step":0,"_wandb":{"runtime":16}}