{"_runtime":189.229219224,"_step":0,"recall@10":0.6137254901960785,"avg_latency":5.04786534169141,"_timestamp":1.7440172364176204e+09,"_wandb":{"runtime":189}}