{"_step":0,"recall@10":0.6541666666666667,"_wandb":{"runtime":19},"avg_latency":0.5174014428082634,"_timestamp":1.744022120697021e+09,"_runtime":19.001141765}