{"_runtime":14.814566985,"_step":0,"_wandb":{"runtime":14},"recall@10":0.6431372549019608,"avg_latency":0.043480999329510855,"_timestamp":1.7440220032110338e+09}