{"_runtime":7.053466811,"_step":0,"_wandb":{"runtime":7},"recall@10":0.5813725490196078,"avg_latency":0.022270560264587402,"_timestamp":1.7440219205376637e+09}