{"_step":0,"_wandb":{"runtime":141},"recall@10":0.5519607843137254,"avg_latency":3.698139555314008,"_timestamp":1.7440178999527748e+09,"_runtime":141.014938004}