{"recall@10":0.5421568627450981,"avg_latency":0.6077269455965828,"_timestamp":1.7440183254051542e+09,"_runtime":31.765156707,"_wandb":{"runtime":31},"_step":0}