{"recall@10":0.6107843137254902,"avg_latency":4.796679496765137,"_timestamp":1.7440217903826547e+09,"_wandb":{"runtime":177},"_runtime":177.72229889,"_step":0}