{"avg_latency":0.03290616063510671,"_timestamp":1.744022210854958e+09,"_wandb":{"runtime":8},"_runtime":8.18963713,"_step":0,"recall@10":0.6235294117647059}