{"_runtime":34.327977509,"_step":0,"recall@10":0.6487745098039217,"avg_latency":0.6728785949594834,"_timestamp":1.7440184175732474e+09,"_wandb":{"runtime":34}}