{"_timestamp":1.7440221984277568e+09,"_runtime":25.264924633,"_step":0,"recall@10":0.6745098039215688,"avg_latency":0.7098244498757755,"_wandb":{"runtime":25}}