{"recall@10":0.6414215686274511,"avg_latency":0.025335241766536936,"_wandb":{"runtime":12},"_timestamp":1.7440223442649257e+09,"_runtime":12.501788579,"_step":0}