{"avg_latency":0.0343708501142614,"_timestamp":1.7440219457134953e+09,"_runtime":6.42829398,"_step":0,"_wandb":{"runtime":6},"recall@10":0.5850490196078432}