{"_runtime":21.252356088,"_step":0,"recall@10":0.6406862745098039,"avg_latency":0.5908260415582096,"_timestamp":1.7440225496941953e+09,"_wandb":{"runtime":21}}