{"_runtime":11.30233011,"_step":0,"_wandb":{"runtime":11},"recall@10":0.6107843137254902,"avg_latency":0.023303158142987418,"_timestamp":1.7440219006519449e+09}